1,Annadiane,Gradley,agradley0@plala.or.jp,Female,Internal Auditor
2,Briano,Abeau,babeau1@geocities.com,Male,Dental Hygienist
3,Aggie,Forge,aforge2@plala.or.jp,Female,Librarian
4,Gilbertina,Narracott,gnarracott3@freewebs.com,Female,Associate Professor
5,Helen-elizabeth,Gartenfeld,hgartenfeld4@163.com,Female,Engineer II
6,Fonsie,Como,fcomo5@ihg.com,Male,Design Engineer
7,Hetti,Wyndham,hwyndham6@wsj.com,Female,Programmer II
8,Cal,De Ruggiero,cderuggiero7@bloglovin.com,Male,Chemical Engineer
9,Jacquelynn,Goodwell,jgoodwell8@usgs.gov,Female,Sales Associate
10,Gothart,Wornum,gwornum9@nature.com,Male,GIS Technical Architect
11,Lazar,Beccera,lbecceraa@php.net,Male,Human Resources Manager
12,Elisabetta,Yakuntsov,eyakuntsovb@earthlink.net,Female,Quality Engineer
13,Morgun,Drowsfield,mdrowsfieldc@google.co.uk,Male,Analog Circuit Design manager
14,Ted,Pepi,tpepid@go.com,Female,Human Resources Manager
15,Miltie,Vedekhov,mvedekhove@xinhuanet.com,Male,Research Assistant III
16,Barry,Keilloh,bkeillohf@wunderground.com,Female,Professor
17,Tully,Bilsborrow,tbilsborrowg@ameblo.jp,Male,VP Quality Control
18,Salomone,Clitherow,sclitherowh@blogtalkradio.com,Male,Account Executive
19,Tonie,Maypother,tmaypotheri@weebly.com,Female,Occupational Therapist
20,Amalita,Yorston,ayorstonj@goo.ne.jp,Female,Librarian
21,Bliss,Ghilardini,bghilardinik@theguardian.com,Female,Help Desk Operator
22,Lindy,Ivushkin,livushkinl@yolasite.com,Female,Help Desk Operator
23,Alis,Balint,abalintm@prnewswire.com,Female,Legal Assistant
24,Katrinka,Rainard,krainardn@naver.com,Female,Librarian
25,Ham,Stoll,hstollo@census.gov,Male,Geological Engineer
26,Packston,Dyett,pdyettp@themeforest.net,Male,Account Representative I
27,Thoma,Turner,tturnerq@intel.com,Male,Analyst Programmer
28,Minnnie,Herculson,mherculsonr@princeton.edu,Female,Librarian
29,Ashli,McQuin,amcquins@home.pl,Female,Marketing Manager
30,Alli,Jovic,ajovict@webmd.com,Female,Social Worker
31,King,Strathman,kstrathmanu@bbc.co.uk,Male,Health Coach IV
32,Roze,Weippert,rweippertv@narod.ru,Female,Quality Control Specialist
33,Rasla,Matantsev,rmatantsevw@amazon.com,Female,Administrative Officer
34,Chane,Borrington,cborringtonx@ask.com,Male,Assistant Manager
35,Juline,Halson,jhalsony@eventbrite.com,Female,Product Engineer
36,Fons,Rannald,frannaldz@engadget.com,Male,Human Resources Assistant III
37,Daphene,Sive,dsive10@foxnews.com,Female,VP Marketing
38,Karoly,Thyng,kthyng11@paypal.com,Male,Marketing Assistant
39,Heinrick,Spyby,hspyby12@wordpress.org,Male,Accountant I
40,Porter,Alvarez,palvarez13@youku.com,Male,Senior Editor
41,Sissy,Fairbanks,sfairbanks14@php.net,Female,Recruiting Manager
42,Christophe,Sadler,csadler15@ycombinator.com,Male,Physical Therapy Assistant
43,Ronnie,McFetridge,rmcfetridge16@purevolume.com,Female,Pharmacist
44,Coleen,Myton,cmyton17@hibu.com,Female,Research Associate
45,Danny,Croxall,dcroxall18@dailymail.co.uk,Female,Statistician II
46,Maridel,Gerrelt,mgerrelt19@webnode.com,Female,Director of Sales
47,Patton,Esslemont,pesslemont1a@answers.com,Male,Structural Engineer
48,Corey,Appleton,cappleton1b@nydailynews.com,Female,VP Marketing
49,Ros,Le Noire,rlenoire1c@geocities.com,Female,Sales Associate
50,Heath,Shires,hshires1d@stumbleupon.com,Male,Help Desk Technician
51,Ari,Snozzwell,asnozzwell1e@prlog.org,Male,Assistant Professor
52,Scarlett,Marfield,smarfield1f@time.com,Female,Help Desk Technician
53,Devlen,Tonner,dtonner1g@edublogs.org,Male,Senior Sales Associate
54,Rozanne,Mantripp,rmantripp1h@pcworld.com,Female,Legal Assistant
55,Rhody,Ragborne,rragborne1i@live.com,Female,Mechanical Systems Engineer
56,Reiko,Ganing,rganing1j@si.edu,Female,Nurse
57,Lenna,Britner,lbritner1k@yale.edu,Female,Editor
58,John,Waldren,jwaldren1l@gravatar.com,Male,Software Consultant
59,Edgard,Loutheane,eloutheane1m@usatoday.com,Male,Software Engineer II
60,Melisse,Catterson,mcatterson1n@edublogs.org,Female,Professor
61,Harlen,D'Souza,hdsouza1o@rakuten.co.jp,Male,Dental Hygienist
62,D'arcy,Lavallie,dlavallie1p@twitpic.com,Male,Sales Associate
63,Carrol,McTaggart,cmctaggart1q@alexa.com,Male,Chemical Engineer
64,Lucilia,Grattage,lgrattage1r@geocities.jp,Female,Research Associate
65,Rhodie,Shipp,rshipp1s@opera.com,Female,Analyst Programmer
66,Antonin,Kleinzweig,akleinzweig1t@howstuffworks.com,Male,Speech Pathologist
67,See,Widdup,swiddup1u@jalbum.net,Male,GIS Technical Architect
68,Cary,Grose,cgrose1v@yolasite.com,Female,Staff Scientist
69,Kermy,Ogborne,kogborne1w@sfgate.com,Male,Speech Pathologist
70,Fulton,Jewis,fjewis1x@github.com,Male,Account Coordinator
71,Beverlie,Storton,bstorton1y@cloudflare.com,Female,Help Desk Operator
72,Griffin,Baszkiewicz,gbaszkiewicz1z@alexa.com,Male,Junior Executive
73,Gerick,Rustidge,grustidge20@hc360.com,Male,Human Resources Manager
74,Ivie,Eynald,ieynald21@yolasite.com,Female,Compensation Analyst
75,Kelbee,McDiarmid,kmcdiarmid22@phoca.cz,Male,Director of Sales
76,Chery,Pawlik,cpawlik23@seesaa.net,Female,VP Product Management
77,Allard,Winslade,awinslade24@soup.io,Male,Physical Therapy Assistant
78,Harriot,Auletta,hauletta25@google.es,Female,Recruiter
79,Phylys,Beveridge,pbeveridge26@phpbb.com,Female,Administrative Assistant II
80,Angelia,Aymer,aaymer27@intel.com,Female,Senior Financial Analyst
81,Benji,Jobbing,bjobbing28@chicagotribune.com,Male,Clinical Specialist
82,Sylas,Triplet,striplet29@youku.com,Male,Speech Pathologist
83,Kile,Badland,kbadland2a@bluehost.com,Male,Account Executive
84,Jorrie,Abrashkov,jabrashkov2b@cornell.edu,Female,Pharmacist
85,Dara,Eglin,deglin2c@mapy.cz,Female,Project Manager
86,Grantley,Shinton,gshinton2d@techcrunch.com,Male,Software Consultant
87,Shalna,Mines,smines2e@discuz.net,Female,Research Nurse
88,Niven,Parvin,nparvin2f@walmart.com,Male,Recruiter
89,Aldin,Tanser,atanser2g@springer.com,Male,Nurse
90,Cirilo,Shipton,cshipton2h@google.co.uk,Male,Electrical Engineer
91,Abigael,Bullant,abullant2i@people.com.cn,Female,Chief Design Engineer
92,Cecilio,Raffin,craffin2j@bloglines.com,Male,Senior Sales Associate
93,Shel,Revington,srevington2k@unc.edu,Female,Speech Pathologist
94,Datha,Fontanet,dfontanet2l@phoca.cz,Female,Marketing Assistant
95,Cassie,Baldcock,cbaldcock2m@sitemeter.com,Male,Chief Design Engineer
96,Clio,Ferras,cferras2n@dell.com,Female,Systems Administrator IV
97,Shermie,Kornilov,skornilov2o@cpanel.net,Male,Registered Nurse
98,Lucia,Josey,ljosey2p@sbwire.com,Female,Health Coach III
99,Alphard,Caret,acaret2q@goo.ne.jp,Male,Analyst Programmer
100,Jory,Rentilll,jrentilll2r@pagesperso-orange.fr,Male,Staff Accountant II
101,Blithe,Paulazzi,bpaulazzi2s@google.com,Female,Community Outreach Specialist
102,Alvis,Fillgate,afillgate2t@microsoft.com,Male,Account Executive
103,Fransisco,Trineman,ftrineman2u@zimbio.com,Male,Physical Therapy Assistant
104,Davy,Osmund,dosmund2v@networksolutions.com,Male,Senior Cost Accountant
105,Karlis,Cohan,kcohan2w@amazon.co.uk,Male,Nurse
106,Adan,Graver,agraver2x@time.com,Female,Recruiting Manager
107,Bryant,Dunmore,bdunmore2y@topsy.com,Male,Chief Design Engineer
108,Si,Boick,sboick2z@whitehouse.gov,Male,Statistician II
109,Danette,Lubbock,dlubbock30@dell.com,Female,Quality Engineer
110,Hamlen,O'Garmen,hogarmen31@wikispaces.com,Male,Director of Sales
111,Osgood,Welfair,owelfair32@wired.com,Male,Sales Associate
112,Jeniece,Soars,jsoars33@marketwatch.com,Female,Account Executive
113,Norman,Yetts,nyetts34@zdnet.com,Male,VP Product Management
114,Jackson,Leggen,jleggen35@drupal.org,Male,Community Outreach Specialist
115,Wye,Poulsen,wpoulsen36@tumblr.com,Male,Human Resources Assistant II
116,Reeba,Linkin,rlinkin37@mayoclinic.com,Female,Programmer II
117,Lyssa,Morando,lmorando38@mashable.com,Female,Design Engineer
118,Paloma,Scotting,pscotting39@netvibes.com,Female,Senior Sales Associate
119,Alfredo,Cappel,acappel3a@nhs.uk,Male,Physical Therapy Assistant
120,Fairfax,Josilevich,fjosilevich3b@trellian.com,Male,Biostatistician IV
121,Alvira,Heams,aheams3c@imgur.com,Female,Health Coach III
122,Laurene,Roller,lroller3d@netvibes.com,Female,Analyst Programmer
123,Gracia,Birchner,gbirchner3e@studiopress.com,Female,Payment Adjustment Coordinator
124,Elmira,Dilleston,edilleston3f@microsoft.com,Female,Dental Hygienist
125,Mufi,Greenhouse,mgreenhouse3g@diigo.com,Female,Nuclear Power Engineer
126,Lynnette,Gravells,lgravells3h@usda.gov,Female,Business Systems Development Analyst
127,Rutter,Elles,relles3i@sitemeter.com,Male,Marketing Manager
128,Richy,Demangeot,rdemangeot3j@yandex.ru,Male,Nurse Practicioner
129,Rosabelle,Tolliday,rtolliday3k@japanpost.jp,Female,Administrative Assistant II
130,Jimmie,Daborn,jdaborn3l@squidoo.com,Male,Engineer I
131,Consolata,Rosbottom,crosbottom3m@tmall.com,Female,Senior Financial Analyst
132,Mayor,Covely,mcovely3n@etsy.com,Male,Staff Accountant IV
133,Sanderson,Mumberson,smumberson3o@wiley.com,Male,Pharmacist
134,Freddy,Yerson,fyerson3p@ted.com,Male,Electrical Engineer
135,Drona,Krink,dkrink3q@msu.edu,Female,Media Manager II
136,Waylen,Fitzroy,wfitzroy3r@hud.gov,Male,Clinical Specialist
137,Cordell,Sandey,csandey3s@newsvine.com,Male,Occupational Therapist
138,Iormina,Najara,inajara3t@tiny.cc,Female,Senior Developer
139,Jeffrey,Emney,jemney3u@sbwire.com,Male,Account Coordinator
140,Abbye,Kuschke,akuschke3v@wikipedia.org,Female,Data Coordiator
141,Clayson,Bartolomieu,cbartolomieu3w@typepad.com,Male,Web Developer I
142,Kele,Di Carli,kdicarli3x@bbc.co.uk,Male,Cost Accountant
143,Arvin,Khomich,akhomich3y@cloudflare.com,Male,Safety Technician IV
144,Merline,Niese,mniese3z@about.me,Female,Recruiter
145,Urson,Ludy,uludy40@flickr.com,Male,Analog Circuit Design manager
146,Aigneis,Zannetti,azannetti41@loc.gov,Female,Software Test Engineer III
147,Aldwin,Dungate,adungate42@webmd.com,Male,Senior Financial Analyst
148,Tyrus,Wharton,twharton43@ycombinator.com,Male,Food Chemist
149,Eliza,Chippindale,echippindale44@cnet.com,Female,Staff Accountant I
150,Row,Vouls,rvouls45@slashdot.org,Female,Senior Cost Accountant
151,Teriann,Comellini,tcomellini46@buzzfeed.com,Female,Data Coordiator
152,Collete,Wanstall,cwanstall47@canalblog.com,Female,Payment Adjustment Coordinator
153,Georgiana,Fake,gfake48@sina.com.cn,Female,Chemical Engineer
154,Seumas,Tremathick,stremathick49@eventbrite.com,Male,Assistant Manager
155,Averil,Kemmis,akemmis4a@topsy.com,Male,Recruiting Manager
156,Salmon,Keaton,skeaton4b@nba.com,Male,Operator
157,Berkie,Vondrak,bvondrak4c@usgs.gov,Male,Account Representative III
158,Nicholas,Wychard,nwychard4d@google.com.au,Male,Assistant Manager
159,Travis,Sheekey,tsheekey4e@webmd.com,Male,Legal Assistant
160,Carrissa,Lesser,clesser4f@studiopress.com,Female,Senior Developer
161,Gloriane,Skeath,gskeath4g@com.com,Female,Media Manager IV
162,Merissa,Prosh,mprosh4h@edublogs.org,Female,Community Outreach Specialist
163,Nevile,Povall,npovall4i@cbslocal.com,Male,Senior Quality Engineer
164,Luce,Simpson,lsimpson4j@weibo.com,Female,Systems Administrator II
165,Clementia,Ruzic,cruzic4k@marriott.com,Female,Staff Accountant I
166,Lennard,Wheelan,lwheelan4l@ucsd.edu,Male,Human Resources Assistant III
167,Ana,Pyecroft,apyecroft4m@multiply.com,Female,Clinical Specialist
168,Allx,Comini,acomini4n@com.com,Female,Compensation Analyst
169,Sayres,Flukes,sflukes4o@narod.ru,Male,Nurse Practicioner
170,Nisse,Hindrich,nhindrich4p@github.com,Female,Physical Therapy Assistant
171,Lilas,Fawdrie,lfawdrie4q@nba.com,Female,Human Resources Assistant II
172,Jenda,Charlesworth,jcharlesworth4r@com.com,Female,Sales Associate
173,Hal,Zuppa,hzuppa4s@reverbnation.com,Male,Nurse
174,Arliene,Lacelett,alacelett4t@cafepress.com,Female,Budget/Accounting Analyst IV
175,Annalee,Axton,aaxton4u@i2i.jp,Female,Geologist III
176,Priscella,Frantzen,pfrantzen4v@g.co,Female,VP Quality Control
177,Mychal,Emblem,memblem4w@zimbio.com,Male,Dental Hygienist
178,Inigo,Gaffney,igaffney4x@taobao.com,Male,Quality Control Specialist
179,Justin,Mechan,jmechan4y@purevolume.com,Male,Health Coach II
180,Jeremie,Lange,jlange4z@behance.net,Male,Computer Systems Analyst II
181,Christy,Bartomeu,cbartomeu50@webnode.com,Male,Physical Therapy Assistant
182,Brunhilda,Buffery,bbuffery51@google.ru,Female,Speech Pathologist
183,Christan,Luby,cluby52@facebook.com,Female,Accounting Assistant II
184,Gabi,Hursey,ghursey53@unicef.org,Male,Community Outreach Specialist
185,Laney,Courtman,lcourtman54@japanpost.jp,Male,Systems Administrator I
186,Dahlia,Wilbraham,dwilbraham55@archive.org,Female,Recruiter
187,Alan,Conboy,aconboy56@cbslocal.com,Male,Health Coach II
188,Mackenzie,Grote,mgrote57@disqus.com,Male,Financial Advisor
189,Sibley,Bayliss,sbayliss58@nyu.edu,Female,General Manager
190,Tami,Cooke,tcooke59@oaic.gov.au,Female,Senior Quality Engineer
191,Bear,Boal,bboal5a@php.net,Male,Software Consultant
192,Casi,Brayfield,cbrayfield5b@hhs.gov,Female,Junior Executive
193,Jelene,Sangra,jsangra5c@zdnet.com,Female,Operator
194,Maggi,Brise,mbrise5d@newsvine.com,Female,Junior Executive
195,Chiarra,Ghelardoni,cghelardoni5e@merriam-webster.com,Female,Project Manager
196,Chiarra,Kmicicki,ckmicicki5f@reverbnation.com,Female,Safety Technician I
197,Dougie,Fautly,dfautly5g@tinypic.com,Male,Professor
198,Kalle,Pagelsen,kpagelsen5h@cloudflare.com,Male,Geologist IV
199,Caria,Gladyer,cgladyer5i@webnode.com,Female,Programmer III
200,Theresita,Reyburn,treyburn5j@amazon.de,Female,GIS Technical Architect
201,Anny,Keers,akeers5k@joomla.org,Female,Paralegal
202,Jackie,Brute,jbrute5l@hp.com,Male,Graphic Designer
203,Emma,Corstan,ecorstan5m@w3.org,Female,Senior Financial Analyst
204,Thornie,Davidovits,tdavidovits5n@icio.us,Male,Senior Editor
205,Marcella,Ciccerale,mciccerale5o@artisteer.com,Female,Dental Hygienist
206,Fawne,Lambird,flambird5p@home.pl,Female,Director of Sales
207,Griswold,Glashby,gglashby5q@sitemeter.com,Male,Human Resources Assistant IV
208,Maurise,Henzer,mhenzer5r@booking.com,Male,Budget/Accounting Analyst IV
209,Fidela,Batalini,fbatalini5s@forbes.com,Female,Account Executive
210,Pall,Crumley,pcrumley5t@disqus.com,Male,Software Test Engineer IV
211,Zachary,Madgwich,zmadgwich5u@examiner.com,Male,Research Assistant II
212,Haskell,Kinnett,hkinnett5v@google.nl,Male,Assistant Media Planner
213,Pearla,Truckell,ptruckell5w@gizmodo.com,Female,Structural Engineer
214,Vere,Skinn,vskinn5x@purevolume.com,Female,Chief Design Engineer
215,Cassie,Cianelli,ccianelli5y@reverbnation.com,Male,Analyst Programmer
216,Christiana,Poundford,cpoundford5z@blogspot.com,Female,Financial Advisor
217,Wallie,Pouck,wpouck60@friendfeed.com,Female,Community Outreach Specialist
218,Melissa,Davet,mdavet61@hugedomains.com,Female,Cost Accountant
219,Haywood,Climie,hclimie62@infoseek.co.jp,Male,Software Engineer I
220,Felipa,Meere,fmeere63@t.co,Female,VP Sales
221,Frants,Scandrett,fscandrett64@ustream.tv,Male,Civil Engineer
222,Maurice,Pensom,mpensom65@cpanel.net,Male,Budget/Accounting Analyst III
223,Antoine,MacFadzan,amacfadzan66@storify.com,Male,Office Assistant II
224,Joletta,O'Hagerty,johagerty67@nih.gov,Female,Marketing Assistant
225,Standford,Dawks,sdawks68@wikimedia.org,Male,Automation Specialist IV
226,Perla,Olland,polland69@histats.com,Female,Structural Engineer
227,Tyrone,Whatham,twhatham6a@merriam-webster.com,Male,Junior Executive
228,Reggis,Thurlbourne,rthurlbourne6b@amazon.co.jp,Male,Professor
229,Rafi,Cleaves,rcleaves6c@reverbnation.com,Male,Editor
230,Tabb,Soulsby,tsoulsby6d@google.com,Male,Senior Developer
231,Bret,Rosenthaler,brosenthaler6e@youtube.com,Male,VP Marketing
232,Vitoria,Pitman,vpitman6f@booking.com,Female,Account Coordinator
233,Gilbertina,Maunsell,gmaunsell6g@gizmodo.com,Female,Cost Accountant
234,Ethelind,Gillard,egillard6h@ustream.tv,Female,Social Worker
235,Mercie,Keets,mkeets6i@biblegateway.com,Female,Media Manager III
236,Cristobal,Lukasik,clukasik6j@geocities.jp,Male,Marketing Assistant
237,Carroll,Cossins,ccossins6k@oakley.com,Male,Actuary
238,Gunilla,Sleep,gsleep6l@addthis.com,Female,Nurse Practicioner
239,Doy,Dalloway,ddalloway6m@weibo.com,Male,Recruiting Manager
240,Laurence,Kerswill,lkerswill6n@va.gov,Male,Account Coordinator
241,Vita,Sloss,vsloss6o@slate.com,Female,Cost Accountant
242,Charlot,Emmet,cemmet6p@ftc.gov,Female,Senior Financial Analyst
243,Shell,Clilverd,sclilverd6q@last.fm,Female,VP Accounting
244,Simon,Hebble,shebble6r@ocn.ne.jp,Male,VP Accounting
245,Winnah,Rikkard,wrikkard6s@chronoengine.com,Female,Business Systems Development Analyst
246,Edi,Domek,edomek6t@samsung.com,Female,GIS Technical Architect
247,Rickard,Chastanet,rchastanet6u@ibm.com,Male,Sales Representative
248,Tiphanie,De Domenicis,tdedomenicis6v@yellowpages.com,Female,Product Engineer
249,Hewie,Austen,hausten6w@printfriendly.com,Male,Chemical Engineer
250,Diannne,Carding,dcarding6x@free.fr,Female,Environmental Specialist
251,Shannah,Higgoe,shiggoe6y@google.ru,Female,Media Manager IV
252,Arther,Hinks,ahinks6z@irs.gov,Male,Physical Therapy Assistant
253,Cheslie,Rawcliff,crawcliff70@dedecms.com,Female,Help Desk Operator
254,Arley,Reding,areding71@reuters.com,Male,Research Assistant II
255,Barry,Murfill,bmurfill72@storify.com,Female,Project Manager
256,Mona,Aristide,maristide73@uiuc.edu,Female,Assistant Manager
257,Karol,Bulbrook,kbulbrook74@github.io,Female,Developer III
258,Port,Lomb,plomb75@baidu.com,Male,Chemical Engineer
259,Aldus,Leedes,aleedes76@businesswire.com,Male,Sales Associate
260,Demetrius,Makepeace,dmakepeace77@google.it,Male,Registered Nurse
261,Nickolai,Timms,ntimms78@blog.com,Male,Technical Writer
262,Meriel,Dibdall,mdibdall79@cdc.gov,Female,Budget/Accounting Analyst IV
263,Margeaux,Vogt,mvogt7a@auda.org.au,Female,Dental Hygienist
264,Winston,Ramel,wramel7b@opensource.org,Male,Environmental Tech
265,Butch,Canacott,bcanacott7c@kickstarter.com,Male,Media Manager II
266,Rayner,Dosdill,rdosdill7d@globo.com,Male,Statistician III
267,Jocelyn,Boxhill,jboxhill7e@live.com,Female,Software Consultant
268,Margalo,Tinston,mtinston7f@stanford.edu,Female,Information Systems Manager
269,Heda,Stackbridge,hstackbridge7g@jimdo.com,Female,Cost Accountant
270,Ronald,Finney,rfinney7h@ovh.net,Male,Registered Nurse
271,Beilul,Dawber,bdawber7i@webs.com,Female,Environmental Specialist
272,Malissa,Nicol,mnicol7j@chronoengine.com,Female,Sales Representative
273,Hendrik,Penniell,hpenniell7k@over-blog.com,Male,Administrative Assistant III
274,Dieter,Wicklen,dwicklen7l@yahoo.com,Male,Nuclear Power Engineer
275,Roch,Panks,rpanks7m@51.la,Female,Human Resources Assistant III
276,Herman,Gradly,hgradly7n@vkontakte.ru,Male,Electrical Engineer
277,Currie,Ranscomb,cranscomb7o@shinystat.com,Male,Mechanical Systems Engineer
278,Carney,Grebert,cgrebert7p@163.com,Male,Office Assistant III
279,Rose,Kindleysides,rkindleysides7q@independent.co.uk,Female,Professor
280,Rog,MacMeanma,rmacmeanma7r@unc.edu,Male,Data Coordiator
281,Foster,Norgate,fnorgate7s@creativecommons.org,Male,Geologist I
282,Clair,Bredgeland,cbredgeland7t@shutterfly.com,Female,Marketing Manager
283,Dorie,Proom,dproom7u@bluehost.com,Male,Geologist II
284,Hartley,Berens,hberens7v@gravatar.com,Male,Engineer II
285,Shurwood,Ganders,sganders7w@nationalgeographic.com,Male,Computer Systems Analyst I
286,Mason,Collcott,mcollcott7x@amazon.co.uk,Male,VP Accounting
287,Si,Norkutt,snorkutt7y@ovh.net,Male,Physical Therapy Assistant
288,Eduard,Tedridge,etedridge7z@facebook.com,Male,Geological Engineer
289,Rafi,Hubbold,rhubbold80@twitter.com,Male,Librarian
290,Rudolfo,Christall,rchristall81@utexas.edu,Male,Operator
291,Elena,Hamfleet,ehamfleet82@blinklist.com,Female,Associate Professor
292,Kienan,Riste,kriste83@latimes.com,Male,Information Systems Manager
293,Chariot,Lodwick,clodwick84@netvibes.com,Male,Operator
294,Jeremiah,McGrath,jmcgrath85@timesonline.co.uk,Male,Compensation Analyst
295,Nanon,Nend,nnend86@unicef.org,Female,Dental Hygienist
296,Eduino,Laurenson,elaurenson87@amazon.com,Male,VP Marketing
297,Gus,Ciobotaro,gciobotaro88@technorati.com,Male,Pharmacist
298,Stefano,Phipson,sphipson89@spiegel.de,Male,Recruiter
299,Willette,Ayliff,wayliff8a@ft.com,Female,Pharmacist
300,Ricki,Harbard,rharbard8b@aol.com,Female,Pharmacist
301,Claretta,Hunnywell,chunnywell8c@sina.com.cn,Female,Engineer I
302,Zorah,Parsand,zparsand8d@craigslist.org,Female,Analog Circuit Design manager
303,Vivi,Turnock,vturnock8e@cocolog-nifty.com,Female,Financial Analyst
304,Florance,Sansbury,fsansbury8f@tinyurl.com,Female,Research Associate
305,Frans,Gye,fgye8g@ca.gov,Male,Help Desk Technician
306,Sean,Fetters,sfetters8h@creativecommons.org,Male,Recruiter
307,Tally,Rizon,trizon8i@google.com,Male,Legal Assistant
308,Towny,Durward,tdurward8j@sina.com.cn,Male,Physical Therapy Assistant
309,Jephthah,Duddle,jduddle8k@mit.edu,Male,Senior Cost Accountant
310,Holly,Duprey,hduprey8l@pinterest.com,Male,Help Desk Operator
311,Marcile,Sterke,msterke8m@oaic.gov.au,Female,Editor
312,Federico,Woodwing,fwoodwing8n@google.co.jp,Male,Media Manager IV
313,Renard,Pirazzi,rpirazzi8o@xrea.com,Male,Business Systems Development Analyst
314,Enrique,Coenraets,ecoenraets8p@buzzfeed.com,Male,Structural Analysis Engineer
315,Earlie,Crain,ecrain8q@domainmarket.com,Male,Quality Engineer
316,Malinda,Broxap,mbroxap8r@yolasite.com,Female,Social Worker
317,Agnesse,Pinder,apinder8s@furl.net,Female,GIS Technical Architect
318,Viv,O'Mailey,vomailey8t@desdev.cn,Female,Database Administrator I
319,Deva,Franz-Schoninger,dfranzschoninger8u@oakley.com,Female,Legal Assistant
320,Alfie,Ondricek,aondricek8v@symantec.com,Female,Recruiting Manager
321,Raf,Fancourt,rfancourt8w@artisteer.com,Female,Research Assistant III
322,Jedediah,Woodfield,jwoodfield8x@sphinn.com,Male,Product Engineer
323,Karen,Rennicks,krennicks8y@princeton.edu,Female,Accounting Assistant III
324,Ferrel,Rizzello,frizzello8z@bluehost.com,Male,General Manager
325,Cati,Rambaut,crambaut90@ustream.tv,Female,Occupational Therapist
326,Carlos,Chapleo,cchapleo91@cmu.edu,Male,Help Desk Technician
327,Elvira,Lamberth,elamberth92@hao123.com,Female,Paralegal
328,Rickie,Brabender,rbrabender93@hhs.gov,Female,Operator
329,Diana,Lorroway,dlorroway94@harvard.edu,Female,Compensation Analyst
330,Fayina,Annon,fannon95@shareasale.com,Female,Assistant Manager
331,Jarred,Vernazza,jvernazza96@reuters.com,Male,Project Manager
332,Christy,Skatcher,cskatcher97@vk.com,Male,Assistant Professor
333,Bettine,Goolding,bgoolding98@twitter.com,Female,VP Quality Control
334,Edgar,Doles,edoles99@sbwire.com,Male,Help Desk Operator
335,Correy,Agett,cagett9a@epa.gov,Male,Electrical Engineer
336,Sansone,Alans,salans9b@bloglines.com,Male,Account Representative III
337,Brok,Gallamore,bgallamore9c@about.me,Male,Information Systems Manager
338,Reinold,Schusterl,rschusterl9d@smugmug.com,Male,Pharmacist
339,Bobette,Mant,bmant9e@cbc.ca,Female,GIS Technical Architect
340,Tybalt,Majury,tmajury9f@ucsd.edu,Male,Safety Technician III
341,Zebedee,Hawley,zhawley9g@artisteer.com,Male,Desktop Support Technician
342,Carver,Wooff,cwooff9h@mashable.com,Male,Media Manager I
343,Issy,Mochan,imochan9i@drupal.org,Female,Geological Engineer
344,Kevin,Strang,kstrang9j@i2i.jp,Male,Physical Therapy Assistant
345,Nikita,Breydin,nbreydin9k@addthis.com,Male,Staff Accountant II
346,Stephanus,Penrith,spenrith9l@freewebs.com,Male,Nurse
347,Marge,Kief,mkief9m@bloglovin.com,Female,Nurse Practicioner
348,Josy,Filkov,jfilkov9n@biglobe.ne.jp,Female,Pharmacist
349,Rayshell,Elphinston,relphinston9o@accuweather.com,Female,Software Test Engineer III
350,Yolande,Yakebovitch,yyakebovitch9p@parallels.com,Female,Structural Engineer
351,Dimitry,Spaice,dspaice9q@t-online.de,Male,Financial Advisor
352,Cathyleen,Patrick,cpatrick9r@theatlantic.com,Female,Senior Sales Associate
353,Celina,Furst,cfurst9s@cloudflare.com,Female,Physical Therapy Assistant
354,Keefer,Radolf,kradolf9t@jiathis.com,Male,Account Executive
355,Nerta,Tulip,ntulip9u@tuttocitta.it,Female,Technical Writer
356,Maynard,Sweynson,msweynson9v@usda.gov,Male,Software Engineer II
357,Sully,Dunlop,sdunlop9w@loc.gov,Male,Civil Engineer
358,Ellene,Fortnum,efortnum9x@mit.edu,Female,Programmer Analyst IV
359,Ricki,Woodwin,rwoodwin9y@shop-pro.jp,Female,VP Product Management
360,Inglebert,Coultas,icoultas9z@ucsd.edu,Male,Environmental Tech
361,Mara,Dwerryhouse,mdwerryhousea0@indiegogo.com,Female,Senior Financial Analyst
362,Lazar,Hulcoop,lhulcoopa1@networksolutions.com,Male,Product Engineer
363,Kahaleel,Claypole,kclaypolea2@yolasite.com,Male,Marketing Manager
364,Michal,Brownlee,mbrownleea3@foxnews.com,Female,Software Engineer IV
365,Hubert,Steart,hstearta4@amazon.de,Male,Senior Developer
366,Barbie,Baniard,bbaniarda5@epa.gov,Female,VP Sales
367,Carling,Tettersell,ctettersella6@jimdo.com,Male,VP Sales
368,Elisabet,McAuslene,emcauslenea7@home.pl,Female,Senior Editor
369,Corenda,Gunda,cgundaa8@yolasite.com,Female,Programmer I
370,Sheelagh,Wevell,swevella9@sun.com,Female,Media Manager III
371,Lazare,Auld,lauldaa@unicef.org,Male,Research Nurse
372,Shandra,Serris,sserrisab@hud.gov,Female,Associate Professor
373,Melesa,Dunnan,mdunnanac@stumbleupon.com,Female,Human Resources Assistant I
374,Felipe,Haliburton,fhaliburtonad@toplist.cz,Male,Executive Secretary
375,Urson,Elwel,uelwelae@narod.ru,Male,VP Accounting
376,Lorne,Carrick,lcarrickaf@globo.com,Female,Staff Accountant II
377,King,Somerfield,ksomerfieldag@webnode.com,Male,Programmer II
378,Joseph,Bubear,jbubearah@bbb.org,Male,General Manager
379,Aurilia,Chaulk,achaulkai@indiatimes.com,Female,Teacher
380,Gisele,McGeneay,gmcgeneayaj@freewebs.com,Female,Compensation Analyst
381,Bordie,Livens,blivensak@illinois.edu,Male,Registered Nurse
382,Conn,Dudek,cdudekal@behance.net,Male,Associate Professor
383,Anya,Whittaker,awhittakeram@google.it,Female,Office Assistant II
384,Tracy,Entissle,tentisslean@alexa.com,Female,Software Test Engineer II
385,Bradan,Harborow,bharborowao@bbc.co.uk,Male,Chemical Engineer
386,Modesta,Ahrendsen,mahrendsenap@wunderground.com,Female,Nurse Practicioner
387,Amberly,Shanklin,ashanklinaq@blogtalkradio.com,Female,Community Outreach Specialist
388,Colene,St. Paul,cstpaular@spotify.com,Female,Senior Quality Engineer
389,Willy,Foister,wfoisteras@slideshare.net,Male,Senior Cost Accountant
390,Igor,Caldes,icaldesat@house.gov,Male,Community Outreach Specialist
391,Rafaelia,Tilne,rtilneau@pen.io,Female,Quality Engineer
392,Raychel,Smithen,rsmithenav@elpais.com,Female,Budget/Accounting Analyst III
393,Arte,Brunotti,abrunottiaw@usatoday.com,Male,Programmer II
394,Juli,McAteer,jmcateerax@geocities.jp,Female,Operator
395,Berky,Jacobsohn,bjacobsohnay@state.tx.us,Male,VP Quality Control
396,Wittie,Aspenlon,waspenlonaz@photobucket.com,Male,Payment Adjustment Coordinator
397,Drucill,Harry,dharryb0@furl.net,Female,Assistant Manager
398,Mandi,Whiles,mwhilesb1@cocolog-nifty.com,Female,Recruiting Manager
399,Delmor,Killby,dkillbyb2@aboutads.info,Male,VP Accounting
400,Abe,Giblin,agiblinb3@plala.or.jp,Male,Dental Hygienist
401,Chan,Lordon,clordonb4@smugmug.com,Male,Nurse
402,Aurel,Smardon,asmardonb5@prweb.com,Female,Software Consultant
403,Sandi,Le Grice,slegriceb6@amazon.co.uk,Female,Operator
404,Tobin,Load,tloadb7@sciencedirect.com,Male,Marketing Manager
405,Evangelina,Bass,ebassb8@blog.com,Female,Desktop Support Technician
406,Walsh,Reboul,wreboulb9@dmoz.org,Male,Web Developer IV
407,Mindy,Lebarree,mlebarreeba@csmonitor.com,Female,Programmer III
408,Prentiss,Hauxwell,phauxwellbb@networksolutions.com,Male,Developer IV
409,Sofie,Attewill,sattewillbc@irs.gov,Female,Health Coach IV
410,Pavia,Surgen,psurgenbd@jigsy.com,Female,GIS Technical Architect
411,Joelynn,Corpes,jcorpesbe@blogspot.com,Female,Occupational Therapist
412,Cindelyn,McReedy,cmcreedybf@google.pl,Female,Developer III
413,Davida,Russel,drusselbg@timesonline.co.uk,Female,VP Sales
414,Doroteya,Meiklejohn,dmeiklejohnbh@yolasite.com,Female,Chemical Engineer
415,Barclay,Ida,bidabi@deviantart.com,Male,Paralegal
416,Benjamin,Chatenet,bchatenetbj@newsvine.com,Male,Electrical Engineer
417,Bryan,Bortolutti,bbortoluttibk@nih.gov,Male,Information Systems Manager
418,Tomkin,Finley,tfinleybl@skype.com,Male,Assistant Manager
419,Brock,Peaple,bpeaplebm@msn.com,Male,Recruiting Manager
420,Felipe,Hailey,fhaileybn@weibo.com,Male,Office Assistant III
421,Stormie,Ackerman,sackermanbo@biglobe.ne.jp,Female,Safety Technician I
422,Addia,Halfhyde,ahalfhydebp@behance.net,Female,Internal Auditor
423,Goldia,Buer,gbuerbq@phoca.cz,Female,Nurse
424,Gray,Thombleson,gthomblesonbr@forbes.com,Male,Database Administrator III
425,Klara,Haigh,khaighbs@simplemachines.org,Female,Nurse Practicioner
426,Mabel,Halliwell,mhalliwellbt@altervista.org,Female,Developer IV
427,Harrison,Meier,hmeierbu@howstuffworks.com,Male,Senior Cost Accountant
428,Lanette,Vargas,lvargasbv@about.com,Female,Nuclear Power Engineer
429,Lyndsey,Trawin,ltrawinbw@meetup.com,Female,Research Nurse
430,Ninnette,Giacovetti,ngiacovettibx@mit.edu,Female,Community Outreach Specialist
431,Ginnifer,Pineaux,gpineauxby@artisteer.com,Female,Programmer Analyst II
432,Artus,Chatain,achatainbz@sakura.ne.jp,Male,Paralegal
433,Kendra,Garrod,kgarrodc0@who.int,Female,Accounting Assistant I
434,Montague,Wernham,mwernhamc1@forbes.com,Male,Staff Accountant IV
435,Sigrid,Rameau,srameauc2@surveymonkey.com,Female,Budget/Accounting Analyst IV
436,Felita,Burdin,fburdinc3@arstechnica.com,Female,Speech Pathologist
437,Roldan,McDade,rmcdadec4@joomla.org,Male,Senior Editor
438,Vannie,Setford,vsetfordc5@wikispaces.com,Female,Analog Circuit Design manager
439,Zena,Toone,ztoonec6@newsvine.com,Female,Developer III
440,Penelopa,Eliasen,peliasenc7@cpanel.net,Female,Electrical Engineer
441,Georgianne,Lode,glodec8@nature.com,Female,Civil Engineer
442,Kirstyn,Cockrem,kcockremc9@discuz.net,Female,Operator
443,Kain,Bartul,kbartulca@reddit.com,Male,VP Quality Control
444,Katina,Coronas,kcoronascb@yale.edu,Female,Staff Accountant IV
445,Cammy,Masseo,cmasseocc@bing.com,Male,Financial Advisor
446,Corrianne,Brosh,cbroshcd@123-reg.co.uk,Female,Executive Secretary
447,Arel,Laxston,alaxstonce@umich.edu,Male,Software Engineer III
448,Lishe,Fullom,lfullomcf@usgs.gov,Female,Accountant IV
449,Emmeline,Bygreaves,ebygreavescg@engadget.com,Female,Senior Developer
450,Jerrilee,Archell,jarchellch@hostgator.com,Female,Programmer II
451,Boycie,Alyoshin,balyoshinci@bravesites.com,Male,VP Accounting
452,Brandtr,Whyffen,bwhyffencj@privacy.gov.au,Male,Director of Sales
453,Frederic,Wilkin,fwilkinck@spiegel.de,Male,Geologist III
454,Jessa,Carloni,jcarlonicl@dyndns.org,Female,Office Assistant IV
455,Katherina,Suston,ksustoncm@comsenz.com,Female,Analyst Programmer
456,Nappie,Bream,nbreamcn@marketwatch.com,Male,Budget/Accounting Analyst III
457,Arleen,Gipps,agippsco@zimbio.com,Female,Pharmacist
458,Herman,Hurleston,hhurlestoncp@flavors.me,Male,General Manager
459,Marigold,Mattiessen,mmattiessencq@stumbleupon.com,Female,Information Systems Manager
460,Lalo,Lambal,llambalcr@usgs.gov,Male,Desktop Support Technician
461,Gabi,Aldren,galdrencs@cbslocal.com,Female,Staff Scientist
462,Byron,Tewkesbury,btewkesburyct@ftc.gov,Male,Quality Control Specialist
463,Dode,Sonschein,dsonscheincu@marriott.com,Female,Programmer III
464,Brannon,Stammer,bstammercv@rediff.com,Male,Account Representative I
465,Charmaine,Stitfall,cstitfallcw@w3.org,Female,Senior Editor
466,Art,Dinis,adiniscx@mozilla.com,Male,Executive Secretary
467,Hussein,Climar,hclimarcy@acquirethisname.com,Male,Research Assistant I
468,Sonni,Keightley,skeightleycz@cnet.com,Female,Account Executive
469,Colver,Keitch,ckeitchd0@mozilla.org,Male,Compensation Analyst
470,Ame,Pobjay,apobjayd1@shareasale.com,Female,Engineer I
471,Herbert,Dorber,hdorberd2@infoseek.co.jp,Male,Senior Editor
472,Eustacia,Widocks,ewidocksd3@dell.com,Female,Web Developer III
473,Frannie,Harbage,fharbaged4@e-recht24.de,Female,Software Consultant
474,Wayne,Guiot,wguiotd5@indiegogo.com,Male,Financial Analyst
475,Buddy,Uccelli,buccellid6@netvibes.com,Male,Analyst Programmer
476,Corby,Ellerker,cellerkerd7@addtoany.com,Male,Senior Quality Engineer
477,Shela,Charge,scharged8@clickbank.net,Female,Systems Administrator I
478,Roxi,Phidgin,rphidgind9@globo.com,Female,Teacher
479,Edgardo,Mouat,emouatda@businesswire.com,Male,Technical Writer
480,Marco,Sussams,msussamsdb@hud.gov,Male,Office Assistant I
481,Eleanore,Mucci,emuccidc@sourceforge.net,Female,Structural Analysis Engineer
482,Neely,Eccott,neccottdd@hexun.com,Female,Occupational Therapist
483,Annmaria,Kick,akickde@booking.com,Female,Quality Control Specialist
484,Yoshi,Ferrand,yferranddf@hc360.com,Female,Programmer IV
485,Oriana,Dugdale,odugdaledg@bluehost.com,Female,Office Assistant II
486,Othilia,Haversham,ohavershamdh@posterous.com,Female,Accounting Assistant III
487,Geoffrey,Sircombe,gsircombedi@mac.com,Male,Design Engineer
488,Georgetta,Lisamore,glisamoredj@indiegogo.com,Female,Payment Adjustment Coordinator
489,Michel,Everal,meveraldk@ning.com,Female,Software Test Engineer IV
490,Cazzie,Faccini,cfaccinidl@opensource.org,Male,Nurse Practicioner
491,Garik,Dermott,gdermottdm@1688.com,Male,Help Desk Technician
492,Matteo,Loomes,mloomesdn@slashdot.org,Male,Sales Representative
493,Jaynell,Selman,jselmando@wiley.com,Female,Staff Scientist
494,Lil,Blight,lblightdp@newyorker.com,Female,Compensation Analyst
495,Prent,Chark,pcharkdq@baidu.com,Male,Graphic Designer
496,Gus,Wallhead,gwallheaddr@mediafire.com,Female,Safety Technician II
497,Galen,Abrahamsohn,gabrahamsohnds@japanpost.jp,Male,Human Resources Manager
498,Geraldine,Woodworth,gwoodworthdt@liveinternet.ru,Female,Environmental Specialist
499,Leo,Marion,lmariondu@woothemes.com,Male,VP Marketing
500,Effie,Coppo,ecoppodv@behance.net,Female,Senior Quality Engineer
501,Cleveland,Yude,cyudedw@ocn.ne.jp,Male,Help Desk Operator
502,Jerry,Rycroft,jrycroftdx@earthlink.net,Male,Librarian
503,Dayna,Grigoliis,dgrigoliisdy@twitter.com,Female,Payment Adjustment Coordinator
504,Denys,Francello,dfrancellodz@cafepress.com,Male,Data Coordiator
505,Iver,Berrigan,iberrigane0@youku.com,Male,Marketing Manager
506,Lissie,Demicoli,ldemicolie1@vinaora.com,Female,Operator
507,Mozelle,Sedworth,msedworthe2@cloudflare.com,Female,VP Product Management
508,Bendick,Blencoe,bblencoee3@indiatimes.com,Male,Graphic Designer
509,Yule,Elloy,yelloye4@yellowbook.com,Male,Design Engineer
510,Gail,Mc Gaughey,gmcgaugheye5@loc.gov,Male,Internal Auditor
511,Faina,Alstead,falsteade6@theguardian.com,Female,Registered Nurse
512,Jerrylee,Kener,jkenere7@scientificamerican.com,Female,Recruiting Manager
513,Saraann,Jaggs,sjaggse8@opensource.org,Female,Teacher
514,Edvard,Sieghard,esiegharde9@pbs.org,Male,Account Coordinator
515,Monro,Ducker,mduckerea@thetimes.co.uk,Male,GIS Technical Architect
516,Odey,Howsin,ohowsineb@ft.com,Male,Account Executive
517,Kimmie,Meir,kmeirec@comcast.net,Female,General Manager
518,Pam,Jovicevic,pjoviceviced@yahoo.co.jp,Female,Account Representative III
519,Hanna,Kingston,hkingstonee@independent.co.uk,Female,Community Outreach Specialist
520,Linnell,Wride,lwrideef@ed.gov,Female,Mechanical Systems Engineer
521,Isidor,Hedditch,ihedditcheg@csmonitor.com,Male,Senior Financial Analyst
522,Nadia,Merle,nmerleeh@jalbum.net,Female,Registered Nurse
523,Rene,Greystoke,rgreystokeei@taobao.com,Male,Teacher
524,Delmar,McShirrie,dmcshirrieej@youtu.be,Male,Research Nurse
525,Dene,Joire,djoireek@surveymonkey.com,Male,Data Coordiator
526,Jody,Moakes,jmoakesel@hibu.com,Female,Pharmacist
527,Novelia,Loffhead,nloffheadem@hhs.gov,Female,Nurse Practicioner
528,Vonnie,Timmins,vtimminsen@usnews.com,Female,Financial Advisor
529,Neddie,Say,nsayeo@linkedin.com,Male,Product Engineer
530,Merrick,Tesdale,mtesdaleep@fastcompany.com,Male,Geologist III
531,Raychel,Western,rwesterneq@wp.com,Female,Dental Hygienist
532,Obidiah,Curdell,ocurdeller@example.com,Male,Nuclear Power Engineer
533,Grove,Emmanuele,gemmanuelees@cloudflare.com,Male,Cost Accountant
534,Ardelle,Bootherstone,abootherstoneet@zimbio.com,Female,Human Resources Assistant III
535,Nani,Boeck,nboeckeu@wikimedia.org,Female,Tax Accountant
536,Sampson,O'Curneen,socurneenev@fema.gov,Male,Electrical Engineer
537,Mikol,Sikora,msikoraew@dmoz.org,Male,Administrative Assistant II
538,Mel,Cruickshank,mcruickshankex@google.co.jp,Female,Budget/Accounting Analyst IV
539,Irv,Godart,igodartey@timesonline.co.uk,Male,VP Product Management
540,Foster,Dacks,fdacksez@ucla.edu,Male,Administrative Officer
541,Kitty,Cheavin,kcheavinf0@sciencedaily.com,Female,Geologist I
542,Pernell,Tolliday,ptollidayf1@yelp.com,Male,Dental Hygienist
543,Charlene,Slyvester,cslyvesterf2@homestead.com,Female,Technical Writer
544,Karlik,Collishaw,kcollishawf3@dailymotion.com,Male,Biostatistician I
545,Ferd,Willoughby,fwilloughbyf4@ehow.com,Male,Environmental Specialist
546,Jerad,Younglove,jyounglovef5@cpanel.net,Male,Recruiting Manager
547,Borden,Tankard,btankardf6@people.com.cn,Male,Internal Auditor
548,Gert,Cabrara,gcabraraf7@nydailynews.com,Female,Sales Associate
549,Xaviera,Giraudy,xgiraudyf8@tinyurl.com,Female,Sales Representative
550,Ashlin,McInulty,amcinultyf9@purevolume.com,Male,Sales Associate
551,Cori,Laird-Craig,clairdcraigfa@salon.com,Female,Biostatistician I
552,Coreen,Mockford,cmockfordfb@forbes.com,Female,Quality Engineer
553,Lenka,Stappard,lstappardfc@homestead.com,Female,Database Administrator I
554,Upton,Lathleiffure,ulathleiffurefd@yandex.ru,Male,Actuary
555,Ned,Ronci,nroncife@biblegateway.com,Male,Geologist II
556,Chrysler,Ratnege,cratnegeff@cocolog-nifty.com,Female,Web Designer II
557,Amii,Braycotton,abraycottonfg@goo.ne.jp,Female,Staff Scientist
558,Marcellus,Keenan,mkeenanfh@businessweek.com,Male,Software Engineer III
559,Sigmund,Palfreman,spalfremanfi@altervista.org,Male,Programmer Analyst II
560,Pace,Rotherforth,protherforthfj@mediafire.com,Male,Technical Writer
561,Homere,Gabey,hgabeyfk@jalbum.net,Male,Associate Professor
562,Torrence,Kenderdine,tkenderdinefl@hao123.com,Male,Director of Sales
563,Lenora,Hutt,lhuttfm@godaddy.com,Female,Payment Adjustment Coordinator
564,Marina,Schops,mschopsfn@storify.com,Female,Staff Scientist
565,Cazzie,Rielly,criellyfo@foxnews.com,Male,Desktop Support Technician
566,Franny,Bonsale,fbonsalefp@sphinn.com,Male,Web Designer I
567,Megan,Roddam,mroddamfq@comcast.net,Female,VP Accounting
568,Winthrop,Ahrens,wahrensfr@jalbum.net,Male,Tax Accountant
569,Worthington,Kennifick,wkennifickfs@bluehost.com,Male,Recruiter
570,Deerdre,Effnert,deffnertft@ning.com,Female,Recruiter
571,Gina,Ryall,gryallfu@t.co,Female,VP Sales
572,Dolly,Diviney,ddivineyfv@pbs.org,Female,Dental Hygienist
573,Christa,Westcott,cwestcottfw@ehow.com,Female,Editor
574,Giralda,Crich,gcrichfx@github.com,Female,Cost Accountant
575,Rorie,Bartolomeu,rbartolomeufy@scientificamerican.com,Female,Analyst Programmer
576,Paddie,Bracegirdle,pbracegirdlefz@etsy.com,Male,Tax Accountant
577,Valina,Tytterton,vtyttertong0@shutterfly.com,Female,Nuclear Power Engineer
578,Anetta,Congram,acongramg1@netscape.com,Female,Recruiting Manager
579,Riley,Timmes,rtimmesg2@barnesandnoble.com,Male,Nurse Practicioner
580,Arturo,Inderwick,ainderwickg3@accuweather.com,Male,Human Resources Manager
581,Marley,Bairnsfather,mbairnsfatherg4@usgs.gov,Female,Director of Sales
582,Daune,Shilling,dshillingg5@washington.edu,Female,Electrical Engineer
583,West,Corriea,wcorrieag6@jugem.jp,Male,Junior Executive
584,Bradley,Lockey,blockeyg7@wix.com,Male,Human Resources Manager
585,Sybille,Elstub,selstubg8@usatoday.com,Female,Account Representative II
586,Ripley,Ruddock,rruddockg9@webmd.com,Male,Software Engineer III
587,Nikki,Hinrichsen,nhinrichsenga@google.cn,Male,Mechanical Systems Engineer
588,Camala,Duckering,cduckeringgb@patch.com,Female,Help Desk Technician
589,Onofredo,Moraleda,omoraledagc@privacy.gov.au,Male,Nuclear Power Engineer
590,Doris,MacCaffrey,dmaccaffreygd@sciencedirect.com,Female,Environmental Specialist
591,Perren,Frankton,pfranktonge@squidoo.com,Male,Compensation Analyst
592,Robinet,Burbridge,rburbridgegf@wufoo.com,Male,Safety Technician I
593,Christal,Chesnay,cchesnaygg@jalbum.net,Female,Nurse Practicioner
594,Olly,Aspital,oaspitalgh@webnode.com,Female,VP Quality Control
595,Evvie,Bentote,ebentotegi@qq.com,Female,Associate Professor
596,Allyce,Ansteys,aansteysgj@forbes.com,Female,Editor
597,Nady,Whaymand,nwhaymandgk@sina.com.cn,Female,Nurse Practicioner
598,Guendolen,Segar,gsegargl@mysql.com,Female,Office Assistant I
599,Dimitry,Norcliff,dnorcliffgm@storify.com,Male,Safety Technician I
600,Ketti,Brahm,kbrahmgn@kickstarter.com,Female,Staff Scientist
601,Charla,O'Dunniom,codunniomgo@paginegialle.it,Female,Web Developer I
602,Lorant,Comrie,lcomriegp@joomla.org,Male,Help Desk Operator
603,Antonella,Boni,abonigq@stanford.edu,Female,Software Engineer IV
604,Idell,Onele,ionelegr@over-blog.com,Female,Director of Sales
605,Gerrie,Ponte,gpontegs@imgur.com,Male,Structural Analysis Engineer
606,Hobey,Tarpey,htarpeygt@wisc.edu,Male,Administrative Officer
607,Zelig,Beautyman,zbeautymangu@storify.com,Male,Information Systems Manager
608,Gerti,Mongan,gmongangv@addtoany.com,Female,Social Worker
609,Bernice,Lille,blillegw@smugmug.com,Female,Financial Advisor
610,Lucien,Di Domenico,ldidomenicogx@merriam-webster.com,Male,Geological Engineer
611,Mari,Byrd,mbyrdgy@4shared.com,Female,Project Manager
612,Kyle,Brudenell,kbrudenellgz@admin.ch,Male,Design Engineer
613,Roselia,Ashforth,rashforthh0@bigcartel.com,Female,VP Accounting
614,Norene,Cranke,ncrankeh1@microsoft.com,Female,Graphic Designer
615,Dasya,Morde,dmordeh2@123-reg.co.uk,Female,Programmer II
616,Sheff,Bickerton,sbickertonh3@vkontakte.ru,Male,Account Representative I
617,Bambi,Clackers,bclackersh4@photobucket.com,Female,Graphic Designer
618,Rachael,Troke,rtrokeh5@t-online.de,Female,Computer Systems Analyst II
619,Gael,Rosling,groslingh6@nifty.com,Male,Environmental Specialist
620,Hubie,Usherwood,husherwoodh7@ovh.net,Male,Web Developer IV
621,Reginauld,Gee,rgeeh8@aol.com,Male,Programmer II
622,Sawyere,Sember,ssemberh9@house.gov,Male,Senior Quality Engineer
623,Conchita,Errington,cerringtonha@arizona.edu,Female,Research Nurse
624,Clarinda,Lambin,clambinhb@umich.edu,Female,Environmental Tech
625,Hayden,Binns,hbinnshc@symantec.com,Male,Web Developer III
626,Georgianne,Dungate,gdungatehd@exblog.jp,Female,GIS Technical Architect
627,Sven,McOwen,smcowenhe@booking.com,Male,Human Resources Manager
628,Garner,Kachel,gkachelhf@ezinearticles.com,Male,Senior Sales Associate
629,Marta,Paolone,mpaolonehg@princeton.edu,Female,Research Associate
630,Carilyn,Roderigo,croderigohh@shutterfly.com,Female,Help Desk Technician
631,Wain,Stuckow,wstuckowhi@behance.net,Male,Senior Sales Associate
632,Issiah,Dory,idoryhj@godaddy.com,Male,Geologist II
633,Phaidra,Surmeir,psurmeirhk@wired.com,Female,Structural Analysis Engineer
634,Kristal,Macourek,kmacourekhl@nytimes.com,Female,Human Resources Manager
635,Chester,Gislebert,cgisleberthm@epa.gov,Male,Developer IV
636,Bonnibelle,De Lisle,bdelislehn@phoca.cz,Female,VP Product Management
637,Bennett,Wilsone,bwilsoneho@spotify.com,Male,Help Desk Operator
638,Violetta,Garlicke,vgarlickehp@artisteer.com,Female,Automation Specialist IV
639,Eliza,Molyneaux,emolyneauxhq@adobe.com,Female,Project Manager
640,Husein,Huburn,hhuburnhr@cloudflare.com,Male,Human Resources Manager
641,Iago,Knatt,iknatths@hatena.ne.jp,Male,Web Designer III
642,Thane,Wallington,twallingtonht@squidoo.com,Male,Budget/Accounting Analyst II
643,Cordelia,Mold,cmoldhu@symantec.com,Female,Chief Design Engineer
644,Carolee,Malan,cmalanhv@ed.gov,Female,Graphic Designer
645,Ardene,Daltrey,adaltreyhw@hc360.com,Female,Actuary
646,Nataniel,Affuso,naffusohx@wikispaces.com,Male,Assistant Manager
647,Jodie,McCritchie,jmccritchiehy@answers.com,Female,Account Executive
648,Barth,Ginn,bginnhz@bravesites.com,Male,Clinical Specialist
649,Rosco,Paszak,rpaszaki0@google.com,Male,Structural Analysis Engineer
650,Emanuele,Lockhart,elockharti1@toplist.cz,Male,Operator
651,Isabeau,Keat,ikeati2@cnet.com,Female,Recruiter
652,Claretta,Lorence,clorencei3@shareasale.com,Female,Biostatistician III
653,Sydney,Lillee,slilleei4@newsvine.com,Male,Librarian
654,Edik,Nossent,enossenti5@zimbio.com,Male,Automation Specialist I
655,Jillana,Putnam,jputnami6@tmall.com,Female,Librarian
656,Haleigh,Kraut,hkrauti7@hugedomains.com,Female,Paralegal
657,Gabi,Orfeur,gorfeuri8@google.com.br,Female,Cost Accountant
658,Karissa,Shorten,kshorteni9@opera.com,Female,Health Coach I
659,Rouvin,Aries,rariesia@unesco.org,Male,Editor
660,Dunc,Selley,dselleyib@scientificamerican.com,Male,Help Desk Operator
661,Augustine,Josephi,ajosephiic@wiley.com,Female,GIS Technical Architect
662,Salomo,Elson,selsonid@soundcloud.com,Male,Assistant Professor
663,Fern,Blinco,fblincoie@bizjournals.com,Female,Programmer II
664,Elroy,Keaveney,ekeaveneyif@icq.com,Male,Librarian
665,Trey,Gianotti,tgianottiig@admin.ch,Male,Assistant Professor
666,Holly,Kesper,hkesperih@imageshack.us,Male,Analog Circuit Design manager
667,Ambros,Sheals,ashealsii@stumbleupon.com,Male,Assistant Media Planner
668,Garnet,Toulson,gtoulsonij@addtoany.com,Female,Chief Design Engineer
669,Annette,Strippel,astrippelik@harvard.edu,Female,Marketing Assistant
670,Willetta,Ratke,wratkeil@dyndns.org,Female,Nuclear Power Engineer
671,Lee,Prier,lprierim@hugedomains.com,Female,Staff Accountant I
672,Corrina,Abramino,cabraminoin@slideshare.net,Female,Systems Administrator I
673,Caz,Polak,cpolakio@smh.com.au,Male,Staff Accountant II
674,Del,Bassett,dbassettip@bing.com,Female,Research Assistant III
675,Michelina,McLaughlan,mmclaughlaniq@yellowbook.com,Female,Occupational Therapist
676,Ado,Brabben,abrabbenir@youtu.be,Male,Clinical Specialist
677,Bail,Kimber,bkimberis@studiopress.com,Male,Programmer Analyst IV
678,Georgeanna,Wigan,gwiganit@newsvine.com,Female,Geological Engineer
679,Georas,McNiven,gmcniveniu@nba.com,Male,Software Test Engineer II
680,Garrott,Skip,gskipiv@google.cn,Male,Paralegal
681,Heloise,O'Conor,hoconoriw@bravesites.com,Female,Chemical Engineer
682,Lisha,Sharper,lsharperix@storify.com,Female,Environmental Specialist
683,Dredi,Karlik,dkarlikiy@mapquest.com,Female,General Manager
684,Astra,Drewell,adrewelliz@pinterest.com,Female,Design Engineer
685,Conan,Bordman,cbordmanj0@house.gov,Male,Product Engineer
686,Aloysia,Gotthard.sf,agotthardsfj1@berkeley.edu,Female,Budget/Accounting Analyst II
687,Eward,Digweed,edigweedj2@baidu.com,Male,Structural Analysis Engineer
688,Roxane,Kirwan,rkirwanj3@dot.gov,Female,Physical Therapy Assistant
689,Douglass,Raise,draisej4@bluehost.com,Male,Accountant III
690,Alanson,Kilgour,akilgourj5@amazon.co.uk,Male,Actuary
691,Enrico,Clute,eclutej6@unc.edu,Male,Cost Accountant
692,Isabeau,Wallwood,iwallwoodj7@sbwire.com,Female,Clinical Specialist
693,Kym,McGinly,kmcginlyj8@1und1.de,Female,Nurse
694,Hewitt,Gookes,hgookesj9@newsvine.com,Male,Tax Accountant
695,Lamond,Thunnerclef,lthunnerclefja@japanpost.jp,Male,Geological Engineer
696,Annamarie,Cranmere,acranmerejb@hexun.com,Female,Account Representative III
697,Chandal,Nabbs,cnabbsjc@biblegateway.com,Female,Internal Auditor
698,Hedda,Crosskell,hcrosskelljd@imdb.com,Female,Research Associate
699,Borden,Ruberti,brubertije@163.com,Male,Senior Sales Associate
700,Even,Wilmore,ewilmorejf@washingtonpost.com,Male,Editor
701,Timothy,Newman,tnewmanjg@chronoengine.com,Male,Account Coordinator
702,Kerry,Burlingham,kburlinghamjh@chronoengine.com,Male,Assistant Media Planner
703,Flora,Tingley,ftingleyji@google.ca,Female,Environmental Specialist
704,Andria,Whettleton,awhettletonjj@who.int,Female,Web Developer IV
705,Allyson,Comi,acomijk@google.pl,Female,Senior Sales Associate
706,Casey,Aird,cairdjl@jimdo.com,Male,Payment Adjustment Coordinator
707,Christen,Budgey,cbudgeyjm@google.de,Female,Administrative Assistant II
708,Sargent,Wartonby,swartonbyjn@hatena.ne.jp,Male,Assistant Professor
709,Jerrylee,Pomroy,jpomroyjo@ebay.com,Female,Programmer Analyst II
710,Gaynor,Swenson,gswensonjp@bravesites.com,Female,Sales Representative
711,Case,Hodgins,chodginsjq@slideshare.net,Male,Research Associate
712,Cordula,Armiger,carmigerjr@wordpress.com,Female,Civil Engineer
713,Kaycee,Goodsir,kgoodsirjs@liveinternet.ru,Female,Help Desk Operator
714,Petra,Enderwick,penderwickjt@yandex.ru,Female,Account Representative I
715,Leeanne,McCray,lmccrayju@opera.com,Female,Research Associate
716,Rhoda,Noades,rnoadesjv@tamu.edu,Female,Actuary
717,Romona,Bissell,rbisselljw@comsenz.com,Female,Product Engineer
718,Belvia,O'Kane,bokanejx@lulu.com,Female,Actuary
719,Ashley,Harpham,aharphamjy@oakley.com,Male,Electrical Engineer
720,Frederico,Edmeades,fedmeadesjz@domainmarket.com,Male,Staff Accountant III
721,Rupert,Miner,rminerk0@prnewswire.com,Male,Associate Professor
722,Amandi,Bryett,abryettk1@xinhuanet.com,Female,Systems Administrator II
723,Kippy,Lanfare,klanfarek2@smugmug.com,Female,Statistician IV
724,Rosita,Kubelka,rkubelkak3@springer.com,Female,Database Administrator II
725,Walt,Ottey,wotteyk4@timesonline.co.uk,Male,Marketing Manager
726,Hoebart,Faich,hfaichk5@msu.edu,Male,Desktop Support Technician
727,Rheba,Possel,rposselk6@ameblo.jp,Female,Research Associate
728,Sauveur,Tipping,stippingk7@jugem.jp,Male,Senior Quality Engineer
729,Ced,Wansbury,cwansburyk8@vimeo.com,Male,Accounting Assistant III
730,Luke,Toombs,ltoombsk9@hp.com,Male,Registered Nurse
731,Murdock,Trenouth,mtrenouthka@php.net,Male,Internal Auditor
732,Durand,McCandless,dmccandlesskb@irs.gov,Male,Research Associate
733,Terrence,Peller,tpellerkc@opensource.org,Male,Accounting Assistant IV
734,Papageno,Maddern,pmaddernkd@mac.com,Male,VP Quality Control
735,Jessika,Brill,jbrillke@qq.com,Female,Financial Analyst
736,Harriett,Tyt,htytkf@chicagotribune.com,Female,Sales Associate
737,Eimile,Besset,ebessetkg@tinypic.com,Female,Marketing Assistant
738,Kristofer,Duffy,kduffykh@mapquest.com,Male,Developer I
739,Fax,Marrison,fmarrisonki@nps.gov,Male,Structural Engineer
740,Cecily,Tomini,ctominikj@networksolutions.com,Female,Financial Advisor
741,Rozina,Antognetti,rantognettikk@mozilla.org,Female,Assistant Professor
742,Ricki,McKune,rmckunekl@apache.org,Male,Social Worker
743,Penelopa,Brickner,pbricknerkm@de.vu,Female,Financial Advisor
744,Lona,Trevna,ltrevnakn@ibm.com,Female,Human Resources Manager
745,Elwira,Godbold,egodboldko@hatena.ne.jp,Female,Social Worker
746,Durant,Borman,dbormankp@a8.net,Male,VP Sales
747,Garold,Dodding,gdoddingkq@google.com,Male,Help Desk Technician
748,Neala,Clist,nclistkr@prnewswire.com,Female,Engineer II
749,Anjanette,Thoumasson,athoumassonks@cafepress.com,Female,Occupational Therapist
750,Kathlin,Fehners,kfehnerskt@chronoengine.com,Female,Recruiter
751,Dorian,Merredy,dmerredyku@walmart.com,Male,Cost Accountant
752,Bessy,Abramsky,babramskykv@ezinearticles.com,Female,Account Executive
753,Stella,Pittoli,spittolikw@zdnet.com,Female,Teacher
754,Conroy,Griffey,cgriffeykx@mozilla.com,Male,Systems Administrator I
755,Farley,Merioth,fmeriothky@youtube.com,Male,Programmer IV
756,Erik,Hunstone,ehunstonekz@ibm.com,Male,Financial Analyst
757,Rafaelia,Thirlaway,rthirlawayl0@a8.net,Female,Analyst Programmer
758,Shadow,Trendle,strendlel1@icio.us,Male,Director of Sales
759,Arabele,Cuer,acuerl2@flickr.com,Female,Analyst Programmer
760,Kelila,Ogborne,kogbornel3@comcast.net,Female,Design Engineer
761,Goldina,De Pietri,gdepietril4@wiley.com,Female,Software Engineer III
762,Jorge,Loos,jloosl5@senate.gov,Male,Actuary
763,Lexine,Culverhouse,lculverhousel6@washingtonpost.com,Female,Executive Secretary
764,Orelle,Rubartelli,orubartellil7@google.com.au,Female,VP Accounting
765,Elladine,Wenderoth,ewenderothl8@opera.com,Female,Geological Engineer
766,Claudell,Beauvais,cbeauvaisl9@acquirethisname.com,Male,Geologist IV
767,Costa,Welford,cwelfordla@princeton.edu,Male,Automation Specialist IV
768,Leanor,Holdforth,lholdforthlb@apple.com,Female,VP Sales
769,Burgess,Mattack,bmattacklc@cloudflare.com,Male,Budget/Accounting Analyst II
770,Fara,Rawling,frawlingld@vinaora.com,Female,Teacher
771,Stanford,Scowcroft,sscowcroftle@wunderground.com,Male,Budget/Accounting Analyst I
772,Brittan,Elbourne,belbournelf@nifty.com,Female,Data Coordiator
773,Marijo,Jone,mjonelg@cmu.edu,Female,GIS Technical Architect
774,Cynthie,Boyford,cboyfordlh@ow.ly,Female,Environmental Tech
775,Sandye,Mathouse,smathouseli@wikia.com,Female,Community Outreach Specialist
776,Eldridge,Winborn,ewinbornlj@statcounter.com,Male,Actuary
777,Jaime,Birks,jbirkslk@army.mil,Male,Account Representative III
778,Kattie,Yeates,kyeatesll@npr.org,Female,Database Administrator II
779,Mickie,Garvin,mgarvinlm@archive.org,Female,Editor
780,Arny,Capin,acapinln@ning.com,Male,VP Sales
781,Thayne,Scaysbrook,tscaysbrooklo@xing.com,Male,Account Representative II
782,Ernestine,Shiell,eshielllp@paginegialle.it,Female,Financial Advisor
783,Ravi,Siddall,rsiddalllq@canalblog.com,Male,Quality Control Specialist
784,Hailey,Oleksinski,holeksinskilr@nationalgeographic.com,Male,Environmental Tech
785,Delmor,North,dnorthls@hud.gov,Male,Geologist III
786,Malina,Jobey,mjobeylt@discovery.com,Female,Senior Editor
787,Adolphe,Yardley,ayardleylu@ted.com,Male,Community Outreach Specialist
788,Franzen,De la Perrelle,fdelaperrellelv@qq.com,Male,Office Assistant IV
789,Lothario,Watson,lwatsonlw@vimeo.com,Male,Information Systems Manager
790,Tildie,Connolly,tconnollylx@sfgate.com,Female,Engineer III
791,Anne-marie,Klimochkin,aklimochkinly@hibu.com,Female,Safety Technician II
792,Lem,Gobel,lgobellz@gmpg.org,Male,Executive Secretary
793,Peyton,Sleight,psleightm0@privacy.gov.au,Male,Account Executive
794,Alaric,MacGuigan,amacguiganm1@disqus.com,Male,Civil Engineer
795,Trip,Daniells,tdaniellsm2@storify.com,Male,Analog Circuit Design manager
796,Dyanne,McCroary,dmccroarym3@deviantart.com,Female,Web Designer IV
797,Chuck,Verrick,cverrickm4@spotify.com,Male,Software Test Engineer I
798,Lorant,Mille,lmillem5@ucoz.ru,Male,Editor
799,Sean,Larking,slarkingm6@wikispaces.com,Male,Senior Financial Analyst
800,Randall,Kirley,rkirleym7@princeton.edu,Male,Human Resources Assistant I
801,Marissa,Cooch,mcoochm8@nyu.edu,Female,Payment Adjustment Coordinator
802,Tammara,Cortez,tcortezm9@amazonaws.com,Female,Graphic Designer
803,Cory,Ishaki,cishakima@ca.gov,Female,Safety Technician I
804,Carny,Graffham,cgraffhammb@newyorker.com,Male,Human Resources Assistant III
805,Vite,Guirardin,vguirardinmc@msn.com,Male,Geological Engineer
806,Fons,Novotni,fnovotnimd@mayoclinic.com,Male,Programmer Analyst III
807,Kahaleel,Ishchenko,kishchenkome@mapquest.com,Male,Environmental Specialist
808,Belva,Gadeaux,bgadeauxmf@amazon.com,Female,Software Engineer II
809,Darby,Ardern,dardernmg@symantec.com,Female,Junior Executive
810,Inglebert,Eakley,ieakleymh@studiopress.com,Male,Account Executive
811,Sherrie,Stiles,sstilesmi@xrea.com,Female,Clinical Specialist
812,Hayley,Sign,hsignmj@mac.com,Female,Operator
813,Isabelle,Dundridge,idundridgemk@reference.com,Female,Senior Financial Analyst
814,Opalina,McEvilly,omcevillyml@surveymonkey.com,Female,Librarian
815,Agosto,Perrinchief,aperrinchiefmm@cloudflare.com,Male,Account Executive
816,Dwayne,Brunskill,dbrunskillmn@redcross.org,Male,Systems Administrator I
817,Etan,Penddreth,ependdrethmo@creativecommons.org,Male,Assistant Professor
818,Ebony,McCory,emccorymp@artisteer.com,Female,GIS Technical Architect
819,Franciska,Cuttelar,fcuttelarmq@mayoclinic.com,Female,Financial Analyst
820,Orland,Abrahamovitz,oabrahamovitzmr@mapy.cz,Male,Marketing Assistant
821,Lula,Knottley,lknottleyms@amazon.co.jp,Female,Mechanical Systems Engineer
822,Lennie,Meriton,lmeritonmt@altervista.org,Male,Food Chemist
823,Madeleine,Whewill,mwhewillmu@state.tx.us,Female,Speech Pathologist
824,Leola,Barfitt,lbarfittmv@bloglovin.com,Female,Professor
825,Athena,Matley,amatleymw@sina.com.cn,Female,Compensation Analyst
826,Barbabas,Vischi,bvischimx@yellowpages.com,Male,Geological Engineer
827,Mead,Mogridge,mmogridgemy@trellian.com,Male,Senior Financial Analyst
828,Antons,Powrie,apowriemz@pagesperso-orange.fr,Male,Electrical Engineer
829,Tony,Sails,tsailsn0@flavors.me,Female,Help Desk Operator
830,Christophe,Tillerton,ctillertonn1@guardian.co.uk,Male,Senior Financial Analyst
831,Dore,Hail,dhailn2@xrea.com,Female,Senior Cost Accountant
832,Kaja,Ramas,kramasn3@telegraph.co.uk,Female,Legal Assistant
833,Demetre,Gallihawk,dgallihawkn4@omniture.com,Male,Budget/Accounting Analyst I
834,Bobbee,Samuels,bsamuelsn5@bing.com,Female,Safety Technician II
835,Audre,Abbys,aabbysn6@weibo.com,Female,Software Engineer II
836,Blaine,Bogart,bbogartn7@skype.com,Male,Information Systems Manager
837,Addi,Cawsy,acawsyn8@kickstarter.com,Female,Health Coach III
838,Wain,Lanfere,wlanferen9@nydailynews.com,Male,Recruiter
839,Meg,Lockton,mlocktonna@europa.eu,Female,Recruiter
840,Leupold,Woollcott,lwoollcottnb@mashable.com,Male,Software Engineer III
841,Boony,Battrick,bbattricknc@themeforest.net,Male,VP Sales
842,Elsy,Scollan,escollannd@google.com,Female,Product Engineer
843,Dene,Rowdell,drowdellne@ucoz.ru,Male,VP Product Management
844,Kirby,Kayne,kkaynenf@multiply.com,Male,Social Worker
845,Fancie,Ardling,fardlingng@hugedomains.com,Female,Programmer Analyst II
846,Taffy,Stanner,tstannernh@trellian.com,Female,Junior Executive
847,Kippy,Howsam,khowsamni@livejournal.com,Male,Software Consultant
848,Elisabetta,Callcott,ecallcottnj@pen.io,Female,Pharmacist
849,Phineas,Southwell,psouthwellnk@sphinn.com,Male,Software Consultant
850,Katerina,Weagener,kweagenernl@rambler.ru,Female,Software Test Engineer III
851,Blaine,Grishin,bgrishinnm@chron.com,Male,Assistant Professor
852,Devonne,Hamshar,dhamsharnn@trellian.com,Female,Associate Professor
853,Rosalinde,Torel,rtorelno@disqus.com,Female,GIS Technical Architect
854,Kale,Goodhand,kgoodhandnp@prweb.com,Male,Chemical Engineer
855,Cameron,Elliston,cellistonnq@github.io,Male,Computer Systems Analyst IV
856,Dieter,Wardesworth,dwardesworthnr@youtube.com,Male,Director of Sales
857,Weidar,Dietz,wdietzns@goo.gl,Male,Marketing Manager
858,Candi,Shadrach,cshadrachnt@sciencedirect.com,Female,Programmer Analyst II
859,Adelice,Heistermann,aheistermannnu@google.com,Female,Assistant Media Planner
860,Tess,Sumption,tsumptionnv@cbslocal.com,Female,Senior Cost Accountant
861,Randee,Scudamore,rscudamorenw@sfgate.com,Female,Sales Associate
862,Vernor,Wooles,vwoolesnx@auda.org.au,Male,Senior Financial Analyst
863,Cortney,Duffit,cduffitny@ucoz.com,Female,Database Administrator IV
864,Coretta,McCullagh,cmccullaghnz@stanford.edu,Female,Payment Adjustment Coordinator
865,Etty,Mellers,emellerso0@ed.gov,Female,Community Outreach Specialist
866,Delora,Donnison,ddonnisono1@theatlantic.com,Female,Environmental Tech
867,Carmon,Deex,cdeexo2@fastcompany.com,Female,Human Resources Manager
868,Noll,Seery,nseeryo3@bravesites.com,Male,Nurse
869,Karly,Canby,kcanbyo4@netlog.com,Female,Software Consultant
870,Leo,Crawley,lcrawleyo5@360.cn,Male,Geologist II
871,Richardo,Ketchell,rketchello6@facebook.com,Male,Physical Therapy Assistant
872,Rona,Butteris,rbutteriso7@chicagotribune.com,Female,Project Manager
873,Stan,Cardenosa,scardenosao8@salon.com,Male,Desktop Support Technician
874,Cathy,Rackham,crackhamo9@redcross.org,Female,Assistant Media Planner
875,Kalvin,Seabert,kseabertoa@ox.ac.uk,Male,Media Manager III
876,Gannie,Spindler,gspindlerob@live.com,Male,Recruiting Manager
877,Latia,Bellino,lbellinooc@facebook.com,Female,Operator
878,Nefen,Castelluzzi,ncastelluzziod@creativecommons.org,Male,Data Coordiator
879,Maurise,Meffin,mmeffinoe@parallels.com,Male,Budget/Accounting Analyst II
880,Evangeline,Puncher,epuncherof@rambler.ru,Female,Actuary
881,Rafaelia,Marxsen,rmarxsenog@reuters.com,Female,Speech Pathologist
882,Rancell,Keep,rkeepoh@accuweather.com,Male,VP Quality Control
883,Carlita,Tylor,ctyloroi@loc.gov,Female,Compensation Analyst
884,Ruthann,Heersma,rheersmaoj@freewebs.com,Female,VP Sales
885,Mordy,Clapshaw,mclapshawok@trellian.com,Male,Research Associate
886,Kat,Couper,kcouperol@reference.com,Female,Information Systems Manager
887,Becca,Cianelli,bcianelliom@xing.com,Female,Analog Circuit Design manager
888,Jocelyne,Akester,jakesteron@army.mil,Female,Senior Sales Associate
889,Farley,Cross,fcrossoo@360.cn,Male,Product Engineer
890,Petrina,Farrears,pfarrearsop@princeton.edu,Female,Help Desk Operator
891,Dita,Lamonby,dlamonbyoq@163.com,Female,Marketing Assistant
892,Davon,Beardsell,dbeardsellor@rakuten.co.jp,Male,Software Engineer I
893,Gibbie,Stapels,gstapelsos@vimeo.com,Male,Media Manager IV
894,Fulton,Iddy,fiddyot@webeden.co.uk,Male,Web Designer III
895,Lanny,Comettoi,lcomettoiou@a8.net,Male,Technical Writer
896,Sullivan,Ardy,sardyov@usatoday.com,Male,VP Quality Control
897,Kaitlyn,Heditch,kheditchow@nationalgeographic.com,Female,Safety Technician III
898,Danita,Pfaff,dpfaffox@instagram.com,Female,Web Designer IV
899,Derick,Papierz,dpapierzoy@admin.ch,Male,Computer Systems Analyst I
900,Olivia,Rance,oranceoz@macromedia.com,Female,Chemical Engineer
901,Karlis,Poad,kpoadp0@ucoz.com,Male,Civil Engineer
902,Otis,Fretter,ofretterp1@cisco.com,Male,Senior Financial Analyst
903,Carrissa,Kenworthy,ckenworthyp2@meetup.com,Female,VP Marketing
904,Opal,Isabell,oisabellp3@jiathis.com,Female,Operator
905,Spence,MacMorland,smacmorlandp4@mediafire.com,Male,Staff Accountant IV
906,Jolie,Vallentin,jvallentinp5@mozilla.com,Female,Senior Quality Engineer
907,Lanny,Cocking,lcockingp6@abc.net.au,Male,General Manager
908,Berrie,Huntington,bhuntingtonp7@washington.edu,Female,Environmental Specialist
909,Jock,Birkmyr,jbirkmyrp8@geocities.jp,Male,Internal Auditor
910,Brendon,Dixon,bdixonp9@ovh.net,Male,VP Accounting
911,Cordi,Daid,cdaidpa@cisco.com,Female,Internal Auditor
912,Kori,Thurlborn,kthurlbornpb@taobao.com,Female,Budget/Accounting Analyst IV
913,Emiline,Ghest,eghestpc@e-recht24.de,Female,Graphic Designer
914,Ranee,Stedmond,rstedmondpd@disqus.com,Female,VP Marketing
915,Decca,Anselm,danselmpe@desdev.cn,Male,Research Assistant III
916,Danica,Josh,djoshpf@ocn.ne.jp,Female,Dental Hygienist
917,Thorin,Arnholtz,tarnholtzpg@bluehost.com,Male,Account Representative IV
918,Cherianne,Dincey,cdinceyph@imdb.com,Female,Software Test Engineer I
919,Karina,Kunath,kkunathpi@about.me,Female,Office Assistant III
920,Codie,Callinan,ccallinanpj@yale.edu,Male,Recruiting Manager
921,Margarette,Guyot,mguyotpk@spotify.com,Female,Occupational Therapist
922,Aubry,Harold,aharoldpl@chronoengine.com,Female,VP Marketing
923,Erl,D'eye,edeyepm@mayoclinic.com,Male,Editor
924,Orly,Leckie,oleckiepn@geocities.jp,Female,Geologist II
925,Nora,Crissil,ncrissilpo@w3.org,Female,Senior Financial Analyst
926,Andonis,Halliday,ahallidaypp@japanpost.jp,Male,Structural Analysis Engineer
927,Irwinn,Edge,iedgepq@360.cn,Male,Paralegal
928,Reid,Greenard,rgreenardpr@merriam-webster.com,Male,Teacher
929,Yardley,Weddeburn,yweddeburnps@networkadvertising.org,Male,Safety Technician III
930,Redford,O'Keevan,rokeevanpt@walmart.com,Male,Assistant Media Planner
931,Waylen,Glendinning,wglendinningpu@artisteer.com,Male,Compensation Analyst
932,Eadie,Riccione,ericcionepv@alexa.com,Female,Marketing Manager
933,Oren,Duell,oduellpw@unicef.org,Male,Junior Executive
934,Gabie,Coatman,gcoatmanpx@multiply.com,Male,Administrative Officer
935,Axel,Gunner,agunnerpy@virginia.edu,Male,Automation Specialist IV
936,Happy,Schulkins,hschulkinspz@addthis.com,Female,Senior Sales Associate
937,Xenos,Shropshire,xshropshireq0@usda.gov,Male,Programmer Analyst IV
938,Davin,Vinten,dvintenq1@typepad.com,Male,Structural Engineer
939,Johannah,Stealfox,jstealfoxq2@army.mil,Female,Database Administrator II
940,Lucilia,Oldis,loldisq3@arstechnica.com,Female,Budget/Accounting Analyst III
941,Kizzie,Silliman,ksillimanq4@icq.com,Female,Quality Engineer
942,Gabrila,Spreag,gspreagq5@yolasite.com,Female,Engineer II
943,Dorian,Ferre,dferreq6@slideshare.net,Female,Software Test Engineer III
944,Allys,Vennings,avenningsq7@google.es,Female,Senior Sales Associate
945,Rocky,Blumson,rblumsonq8@abc.net.au,Male,Media Manager II
946,Barbabra,Poveleye,bpoveleyeq9@blogtalkradio.com,Female,Sales Representative
947,Lynett,Winchcombe,lwinchcombeqa@timesonline.co.uk,Female,Librarian
948,Lance,Porkiss,lporkissqb@pen.io,Male,Chief Design Engineer
949,Maribeth,Aizikowitz,maizikowitzqc@youtube.com,Female,Editor
950,Corabelle,McIlreavy,cmcilreavyqd@infoseek.co.jp,Female,General Manager
951,Sigismundo,Reagan,sreaganqe@dot.gov,Male,Actuary
952,Wells,Dorie,wdorieqf@seesaa.net,Male,Office Assistant I
953,Jesus,Bulbeck,jbulbeckqg@mapy.cz,Male,Executive Secretary
954,Misti,Bertrand,mbertrandqh@hao123.com,Female,Junior Executive
955,Kiley,Roke,krokeqi@youku.com,Female,General Manager
956,Free,Flatman,fflatmanqj@weibo.com,Male,Product Engineer
957,Percy,Huntingford,phuntingfordqk@cnet.com,Male,Structural Analysis Engineer
958,Danica,Warlow,dwarlowql@newsvine.com,Female,Internal Auditor
959,Marley,Castanyer,mcastanyerqm@state.tx.us,Female,Associate Professor
960,Dav,Holtaway,dholtawayqn@rakuten.co.jp,Male,Financial Advisor
961,Ranna,Regus,rregusqo@cafepress.com,Female,Nurse
962,Zollie,Corradino,zcorradinoqp@photobucket.com,Male,General Manager
963,Ulrich,Radbourn,uradbournqq@japanpost.jp,Male,Desktop Support Technician
964,Myranda,Marieton,mmarietonqr@goodreads.com,Female,Web Developer I
965,Marianne,Bakeup,mbakeupqs@blinklist.com,Female,Nuclear Power Engineer
966,Anni,Crowe,acroweqt@uiuc.edu,Female,General Manager
967,Thorpe,Fishbourne,tfishbournequ@vinaora.com,Male,Systems Administrator II
968,Sula,Illiston,sillistonqv@hostgator.com,Female,Account Coordinator
969,Wilow,Ferfulle,wferfulleqw@bandcamp.com,Female,Statistician II
970,Nellie,Lambal,nlambalqx@apache.org,Female,Professor
971,Aguste,Straun,astraunqy@elegantthemes.com,Male,Accountant I
972,Leta,Curd,lcurdqz@g.co,Female,Administrative Officer
973,Inger,Fisby,ifisbyr0@washingtonpost.com,Female,Senior Sales Associate
974,Aeriel,Bickerstaffe,abickerstaffer1@youtu.be,Female,Budget/Accounting Analyst I
975,Winnie,McSorley,wmcsorleyr2@wikia.com,Male,Paralegal
976,Ursulina,Doiley,udoileyr3@addtoany.com,Female,Assistant Professor
977,Torrence,Morphew,tmorphewr4@google.com,Male,Information Systems Manager
978,Yorke,Massimi,ymassimir5@howstuffworks.com,Male,Systems Administrator II
979,Cordell,Padillo,cpadillor6@infoseek.co.jp,Male,Account Representative II
980,Felicio,Risbridger,frisbridgerr7@webs.com,Male,Teacher
981,Kimberlee,Eliassen,keliassenr8@spotify.com,Female,Programmer I
982,Loralee,Colvine,lcolviner9@example.com,Female,Structural Engineer
983,Juliann,Giorgio,jgiorgiora@barnesandnoble.com,Female,Office Assistant III
984,Randie,Itzkowicz,ritzkowiczrb@abc.net.au,Male,Graphic Designer
985,Miriam,Garlick,mgarlickrc@sfgate.com,Female,Financial Advisor
986,Vite,Malenoir,vmalenoirrd@shutterfly.com,Male,Data Coordiator
987,Clare,Kemshell,ckemshellre@vinaora.com,Male,Nurse
988,Nert,Hegel,nhegelrf@google.cn,Female,Assistant Manager
989,Hastings,Shelf,hshelfrg@hp.com,Male,Software Test Engineer III
990,Donna,McRae,dmcraerh@quantcast.com,Female,Operator
991,Inge,Minucci,iminucciri@trellian.com,Female,Environmental Specialist
992,Jasper,Klemt,jklemtrj@yellowbook.com,Male,Automation Specialist III
993,Mariellen,Simonett,msimonettrk@forbes.com,Female,Staff Scientist
994,Vanna,Jahnke,vjahnkerl@marketwatch.com,Female,Geologist I
995,Roosevelt,Fairest,rfairestrm@edublogs.org,Male,Civil Engineer
996,Ezekiel,Stealey,estealeyrn@sina.com.cn,Male,Compensation Analyst
997,Nadean,Pettiford,npettifordro@ucoz.ru,Female,Teacher
998,Antonino,Thalmann,athalmannrp@tumblr.com,Male,Account Executive
999,Gennie,Klemt,gklemtrq@technorati.com,Female,Budget/Accounting Analyst III
1000,Wash,Dowers,wdowersrr@example.com,Male,Cost Accountant
